date,close,high,low,open,volume,price_change,price_pct_change
2024-01-01,43943.09765625,45899.70703125,40813.53515625,42280.234375,202311773985,1662.86328125,3.9329566305177326
2024-01-08,41796.26953125,48969.37109375,41724.61328125,43948.70703125,259971819745,-2152.4375,-4.897612797731447
2024-01-15,41545.78515625,43566.2734375,40297.45703125,41715.06640625,139135824835,-169.28125,-0.4058036210500609
2024-01-22,42035.59375,42797.17578125,38521.89453125,41553.65234375,155314602893,481.94140625,1.1598051652912955
2024-01-29,42583.58203125,43838.9453125,41818.33203125,42030.9140625,135184187433,552.66796875,1.3149082790066908
2024-02-05,48293.91796875,48535.9375,42264.81640625,42577.62109375,157826395448,5716.296875,13.42559008267162
2024-02-12,52122.546875,52820.06640625,47745.76171875,48296.38671875,213560041471,3826.16015625,7.922249294820596
2024-02-19,51733.23828125,52945.05078125,50561.77734375,52134.8125,160769145627,-401.57421875,-0.770261173855761
2024-02-26,63167.37109375,63913.1328125,50931.03125,51730.5390625,322895666089,11436.83203125,22.10847255512301
2024-03-04,69019.7890625,70083.0546875,59323.91015625,63137.00390625,405709693297,5882.78515625,9.317491791319634
2024-03-11,68390.625,73750.0703125,64545.31640625,69020.546875,405957750577,-629.921875,-0.9126584814530998
2024-03-18,67234.171875,68897.1328125,60807.78515625,68371.3046875,328097121682,-1137.1328125,-1.6631726097628445
2024-03-25,71333.6484375,71727.6875,66414.8359375,67234.09375,216324625836,4099.5546875,6.097434290917322
2024-04-01,69362.5546875,71342.09375,64559.8984375,71333.484375,229427260104,-1970.9296875,-2.762979692873022
2024-04-08,65738.7265625,72715.359375,60919.10546875,69362.5546875,288243675431,-3623.828125,-5.224473264179036
2024-04-15,64926.64453125,66878.6484375,59651.390625,65739.6484375,257889555865,-813.00390625,-1.2367025464441586
2024-04-22,63113.23046875,67233.9609375,62424.71875,64935.6328125,176031088174,-1822.40234375,-2.806475065873525
2024-04-29,64031.1328125,64703.33203125,56555.29296875,63106.36328125,217717011805,924.76953125,1.4654140773863373
2024-05-06,61448.39453125,65494.90234375,60208.78125,64038.3125,161617857129,-2589.91796875,-4.044325760067459
2024-05-13,66278.3671875,67694.296875,60769.83984375,61451.21875,191456349028,4827.1484375,7.855252565678366
2024-05-20,68518.09375,71946.4609375,66086.171875,66278.7421875,225779718034,2239.3515625,3.378687477449347
2024-05-27,67751.6015625,70597.8828125,66633.421875,68512.1796875,170949409910,-760.578125,-1.1101356408001817
2024-06-03,69647.9921875,71907.8515625,67589.8359375,67753.8984375,187569500742,1894.09375,2.7955494719572758
2024-06-10,66639.046875,70146.0703125,65056.89453125,69644.3125,175973271622,-3005.265625,-4.315163029285413
2024-06-17,63180.796875,67188.3203125,63180.796875,66636.515625,163449015388,-3455.71875,-5.185923539950998
2024-06-24,62678.29296875,63292.52734375,58601.69921875,63173.3515625,171030093873,-495.05859375,-0.7836509881230824
2024-07-01,55849.109375,63777.2265625,53717.375,62673.60546875,213107531443,-6824.49609375,-10.888947656207199
2024-07-08,60787.79296875,61329.52734375,54321.01953125,55849.57421875,187407019962,4938.21875,8.841998921349207
2024-07-15,68154.5234375,68372.90625,60704.9296875,60815.45703125,222161876179,7339.06640625,12.067764947452131
2024-07-22,68255.8671875,69398.5078125,63473.47265625,68152.9765625,227265184992,102.890625,0.15097011192995172
2024-07-29,58116.9765625,69987.5390625,57210.8046875,68259.0546875,251002338760,-10142.078125,-14.858216498063042
2024-08-05,58719.484375,62673.765625,49121.23828125,58110.296875,317158734647,609.1875,1.0483296984532915
2024-08-12,58483.96484375,61687.7578125,56161.59375,58719.39453125,193731393138,-235.4296875,-0.4009402504562716
2024-08-19,64333.54296875,64996.421875,57864.7109375,58480.7109375,200670274120,5852.83203125,10.008141039025823
2024-08-26,57325.48828125,64489.70703125,57217.82421875,64342.2265625,208589155271,-7016.73828125,-10.905339550900003
2024-09-02,54841.56640625,59815.05859375,52598.69921875,57326.96875,207052844168,-2485.40234375,-4.335485370923262
2024-09-09,59182.8359375,60656.72265625,54598.43359375,54851.88671875,201400392020,4330.94921875,7.895716041558791
2024-09-16,63648.7109375,64119.53125,57501.33984375,59185.2265625,223578476939,4463.484375,7.54155155642858
2024-09-23,65635.3046875,66480.6953125,62628.078125,63643.1015625,185380794223,1992.203125,3.13027347204878
2024-09-30,62818.953125,65635.0546875,59878.8046875,65634.65625,221870167581,-2815.703125,-4.28996400053516
2024-10-07,62851.375,64443.70703125,58895.20703125,62819.109375,185760615870,32.265625,0.051362754615621294
2024-10-14,69001.703125,69359.0078125,62442.15234375,62848.3984375,233833427420,6153.3046875,9.790710408665694
2024-10-21,67929.296875,69462.734375,65188.03515625,69002.0,210764883686,-1072.703125,-1.5545971493579895
2024-10-28,68741.1171875,73577.2109375,67482.5234375,67922.671875,281658996077,818.4453125,1.2049663093439669
2024-11-04,80474.1875,81474.421875,66803.6484375,68742.1328125,436048950363,11732.0546875,17.066759798536037
2024-11-11,89845.8515625,93434.3515625,80283.25,80471.4140625,631742325166,9374.4375,11.64940073343203
2024-11-18,98013.8203125,99655.5,89393.59375,89843.71875,502412531238,8170.1015625,9.09368142388919
2024-11-25,97279.7890625,98935.03125,90770.8125,98033.4453125,419153048682,-753.65625,-0.7687746233926384
2024-12-02,101236.015625,103900.46875,91998.78125,97276.0078125,549005393438,3960.0078125,4.0708987771506155
2024-12-09,104298.6953125,105047.5390625,94321.2578125,101237.0625,521429282524,3061.6328125,3.0242213048210482
2024-12-16,95104.9375,108268.4453125,92175.1796875,104293.578125,551244500231,-9188.640625,-8.810360896801383
2024-12-23,93530.2265625,99884.5703125,92403.1328125,95099.390625,299272588112,-1569.1640625,-1.650025359981112
2024-12-30,98314.9609375,98956.9140625,91317.1328125,93527.1953125,248821817930,4787.765625,5.1191160057807386
2025-01-06,94488.4375,102712.484375,91220.84375,98314.953125,338967010865,-3826.515625,-3.8920993230143495
2025-01-13,101089.609375,106299.796875,89260.1015625,94488.890625,437782936416,6600.71875,6.9857088027378875
2025-01-20,102682.5,109114.8828125,99471.359375,101083.75,471816874719,1598.75,1.5816093091124934
2025-01-27,97688.9765625,106418.765625,96216.078125,102680.3046875,362117614322,-4991.328125,-4.861037508790749
2025-02-03,96500.09375,102514.171875,91242.890625,97681.1015625,388753129798,-1181.0078125,-1.2090443224008354
2025-02-10,96175.03125,98819.46875,94101.203125,96499.4609375,230337481014,-324.4296875,-0.33619844540906196
2025-02-17,96273.921875,99497.96875,93388.8359375,96179.0078125,210283176728,94.9140625,0.09868480103790839
2025-02-24,94248.3515625,96503.453125,78248.9140625,96277.9609375,424642208809,-2029.609375,-2.1080726629820767
2025-03-03,80601.0390625,94429.75,80052.484375,94248.421875,351467410238,-13647.3828125,-14.480224221260999
2025-03-10,82579.6875,85263.2890625,76624.25,80597.1484375,245099235090,1982.5390625,2.4598129101768196
2025-03-17,86054.375,87443.265625,81179.9921875,82576.3359375,154637791297,3478.0390625,4.211907713043169
2025-03-24,82334.5234375,88758.7265625,81573.25,86070.9296875,181637739548,-3736.40625,-4.341078066155285
2025-03-31,78214.484375,88466.953125,77097.7421875,82336.0625,237449686690,-4121.578125,-5.005799402904408
2025-04-07,83684.9765625,86015.1875,74436.6796875,78221.3359375,363220466107,5463.640625,6.984846985182572
2025-04-14,85174.3046875,86429.3515625,83100.6171875,83694.5234375,155677486406,1479.78125,1.7680741692794826
2025-04-21,93754.84375,95768.390625,85143.8359375,85171.5390625,247116398033,8583.3046875,10.077667706816309
2025-04-28,94315.9765625,97905.8984375,92860.8046875,93755.3046875,179785916926,560.671875,0.5980161622521526
2025-05-05,104106.359375,104961.765625,93399.859375,94319.5625,346007588371,9786.796875,10.376211059079075
2025-05-12,106446.0078125,106597.171875,100814.40625,104106.9609375,344395798973,2339.046875,2.2467727939961986
2025-05-19,109035.390625,111970.171875,102112.6875,106430.53125,407490594865,2604.859375,2.44747380700498
2025-05-26,105652.1015625,110744.2109375,103136.1171875,109023.78125,342628955292,-3371.6796875,-3.0926093819553704
2025-06-02,105793.6484375,106813.578125,100436.8828125,105649.8125,317888289963,143.8359375,0.1361440537341228
2025-06-09,105552.0234375,110561.421875,102822.0234375,105793.0234375,360592444302,-241.0,-0.22780330136077173
2025-06-16,100987.140625,108915.375,98286.203125,105555.59375,345832029969,-4568.453125,-4.32800665762917
2025-06-23,108385.5703125,108526.3046875,99705.75,100987.4765625,320503132421,7398.09375,7.325753649682894
2025-06-30,109232.0703125,110541.4609375,105157.3984375,108383.4375,302896897483,848.6328125,0.7829912319398433
2025-07-07,119116.1171875,119449.5703125,107499.5546875,109235.328125,425010937713,9880.7890625,9.04541528102816
2025-07-14,117300.7890625,123091.609375,115765.6875,119115.7890625,607619761231,-1815.0,-1.5237274707953874
2025-07-21,119448.4921875,120269.96875,114759.8203125,117306.46875,496322967466,2142.0234375,1.8260062384667086
2025-07-28,114217.671875,119819.7890625,111943.8046875,119457.5234375,467817557243,-5239.8515625,-4.386372169553208
2025-08-04,119306.7578125,119320.7109375,112701.109375,114223.921875,395725770752,5082.8359375,4.44988742643801
2025-08-11,117453.0625,124457.1171875,116864.5703125,119306.8125,520847323413,-1853.75,-1.5537670994269501
2025-08-18,113458.4296875,117614.171875,111060.546875,117453.90625,482123824127,-3995.4765625,-3.401740044299293
2025-08-25,108236.7109375,113637.84375,107444.4453125,113456.8984375,453416228500,-5220.1875,-4.601031380102149
2025-09-01,111167.6171875,113357.4921875,107271.1796875,108228.75,369258523185,2938.8671875,2.715421907302819
2025-09-08,115407.65625,116769.3828125,110630.609375,111163.015625,310393050143,4244.640625,3.8183928360840564
2025-09-15,115306.09375,117911.7890625,114461.0625,115399.6328125,292893677815,-93.5390625,-0.08105663789414408
2025-09-22,112122.640625,115431.3125,108713.3984375,115309.21875,358886641603,-3186.578125,-2.763506820654788
2025-09-29,123513.4765625,125559.2109375,111589.953125,112117.875,456130203494,11395.6015625,10.163947151602722
2025-10-06,115169.765625,126198.0703125,104582.4140625,123510.453125,645797975711,-8340.6875,-6.753021537018185
2025-10-13,108666.7109375,116020.484375,103598.4296875,115161.6796875,508815465964,-6494.96875,-5.639869761907427
2025-10-20,114472.4453125,115260.90625,106778.0,108667.4453125,415030266271,5805.0,5.34198626212873
2025-10-27,110639.625,116273.3125,106376.6875,114479.8515625,378401671301,-3840.2265625,-3.3544999491927516
2025-11-03,104719.640625,110764.9140625,98962.0625,110646.90625,528630842986,-5927.265625,-5.356919434880268
2025-11-10,94177.078125,107428.2578125,92971.1640625,104723.7734375,530543355033,-10546.6953125,-10.070965709418743
2025-11-17,86805.0078125,95928.3671875,80659.8125,94180.875,601874776014,-7375.8671875,-7.831597643895324
2025-11-24,90394.3125,92969.0859375,85272.1953125,86798.7734375,400123670982,3595.5390625,4.142384644512276
2025-12-01,90405.640625,94060.7734375,83862.25,90389.109375,457343640300,16.53125,0.018288984275103663
2025-12-08,88175.1796875,94601.5703125,87634.9375,90424.5859375,449188954528,-2249.40625,-2.4876047002910835
2025-12-15,88621.75,90264.5703125,84436.3125,88171.078125,264999230688,450.671875,0.5111334516757107
2025-12-22,87835.8359375,90501.9296875,86411.796875,88621.3984375,198587430131,-785.5625,-0.8864253034260295
2025-12-29,88731.984375,90299.15625,86717.9140625,87835.7890625,136677236680,896.1953125,1.0203076924171623
