date,post_count,avg_score,avg_upvote_ratio,avg_comments,avg_sentiment,positive_ratio,negative_ratio,close,high,low,open,volume,price_change,price_pct_change,next_week_pct
2024-01-01,24,1.0,0.9583333333333334,20.125,0.24645416666666667,0.5,0.041666666666666664,43943.09765625,45899.70703125,40813.53515625,42280.234375,202311773985,1662.86328125,3.9329566305177326,-4.897612797731447
2024-01-08,24,38.625,0.6862500011920929,26.458333333333332,0.133475,0.3333333333333333,0.041666666666666664,41796.26953125,48969.37109375,41724.61328125,43948.70703125,259971819745,-2152.4375,-4.897612797731447,-0.4058036210500609
2024-01-15,26,37.42307692307692,0.6169230800408584,20.307692307692307,0.10338076923076923,0.34615384615384615,0.038461538461538464,41545.78515625,43566.2734375,40297.45703125,41715.06640625,139135824835,-169.28125,-0.4058036210500609,1.1598051652912955
2024-01-22,24,6.625,0.7087500020861626,14.458333333333334,0.036675000000000006,0.2916666666666667,0.25,42035.59375,42797.17578125,38521.89453125,41553.65234375,155314602893,481.94140625,1.1598051652912955,1.3149082790066908
2024-01-29,25,9.08,0.6492000037431717,13.56,0.019375999999999994,0.32,0.12,42583.58203125,43838.9453125,41818.33203125,42030.9140625,135184187433,552.66796875,1.3149082790066908,13.42559008267162
2024-02-05,23,30.869565217391305,0.6760869570400404,14.91304347826087,0.05756521739130435,0.17391304347826086,0.043478260869565216,48293.91796875,48535.9375,42264.81640625,42577.62109375,157826395448,5716.296875,13.42559008267162,7.922249294820596
2024-02-12,25,95.64,0.7024000018835068,21.0,0.19942800000000002,0.36,0.08,52122.546875,52820.06640625,47745.76171875,48296.38671875,213560041471,3826.16015625,7.922249294820596,-0.770261173855761
2024-02-19,25,35.2,0.6524000036716461,31.76,0.13235600000000003,0.4,0.12,51733.23828125,52945.05078125,50561.77734375,52134.8125,160769145627,-401.57421875,-0.770261173855761,22.10847255512301
2024-02-26,20,19.3,0.6405000016093254,12.2,0.009720000000000003,0.2,0.15,63167.37109375,63913.1328125,50931.03125,51730.5390625,322895666089,11436.83203125,22.10847255512301,9.317491791319634
2024-03-04,27,115.62962962962963,0.991481480775056,30.59259259259259,0.013362962962962964,0.25925925925925924,0.18518518518518517,69019.7890625,70083.0546875,59323.91015625,63137.00390625,405709693297,5882.78515625,9.317491791319634,-0.9126584814530998
2024-03-11,27,62.629629629629626,0.9777777779985357,34.74074074074074,0.09031111111111112,0.2962962962962963,0.14814814814814814,68390.625,73750.0703125,64545.31640625,69020.546875,405957750577,-629.921875,-0.9126584814530998,-1.6631726097628445
2024-03-18,22,31.818181818181817,0.9972727271643552,33.77272727272727,0.17988636363636365,0.4090909090909091,0.0,67234.171875,68897.1328125,60807.78515625,68371.3046875,328097121682,-1137.1328125,-1.6631726097628445,6.097434290917322
2024-03-25,24,49.791666666666664,0.957500002036492,28.041666666666668,0.056758333333333334,0.375,0.2916666666666667,71333.6484375,71727.6875,66414.8359375,67234.09375,216324625836,4099.5546875,6.097434290917322,-2.762979692873022
2024-04-01,24,4.458333333333333,0.6487500046690305,6.25,0.14175000000000001,0.4583333333333333,0.16666666666666666,69362.5546875,71342.09375,64559.8984375,71333.484375,229427260104,-1970.9296875,-2.762979692873022,-5.224473264179036
2024-04-08,21,4.333333333333333,0.6633333354478791,10.619047619047619,0.12380000000000001,0.3333333333333333,0.09523809523809523,65738.7265625,72715.359375,60919.10546875,69362.5546875,288243675431,-3623.828125,-5.224473264179036,-1.2367025464441586
2024-04-15,22,16.545454545454547,0.6445454558865591,26.59090909090909,0.03724545454545455,0.2727272727272727,0.18181818181818182,64926.64453125,66878.6484375,59651.390625,65739.6484375,257889555865,-813.00390625,-1.2367025464441586,-2.806475065873525
2024-04-22,23,4.695652173913044,0.5991304335386857,11.869565217391305,0.023869565217391305,0.17391304347826086,0.08695652173913043,63113.23046875,67233.9609375,62424.71875,64935.6328125,176031088174,-1822.40234375,-2.806475065873525,1.4654140773863373
2024-04-29,23,7.043478260869565,0.725217386432316,21.434782608695652,0.21753043478260867,0.43478260869565216,0.08695652173913043,64031.1328125,64703.33203125,56555.29296875,63106.36328125,217717011805,924.76953125,1.4654140773863373,-4.044325760067459
2024-05-06,22,68.54545454545455,0.726363639939915,28.954545454545453,0.09728181818181819,0.3181818181818182,0.13636363636363635,61448.39453125,65494.90234375,60208.78125,64038.3125,161617857129,-2589.91796875,-4.044325760067459,7.855252565678366
2024-05-13,22,42.72727272727273,0.7027272724292495,18.90909090909091,0.16536818181818183,0.3181818181818182,0.045454545454545456,66278.3671875,67694.296875,60769.83984375,61451.21875,191456349028,4827.1484375,7.855252565678366,3.378687477449347
2024-05-20,19,16.94736842105263,0.6963157873404654,18.210526315789473,0.0018473684210526386,0.10526315789473684,0.15789473684210525,68518.09375,71946.4609375,66086.171875,66278.7421875,225779718034,2239.3515625,3.378687477449347,-1.1101356408001817
2024-05-27,22,135.9090909090909,0.7809090871702541,49.0,0.13806363636363636,0.3181818181818182,0.045454545454545456,67751.6015625,70597.8828125,66633.421875,68512.1796875,170949409910,-760.578125,-1.1101356408001817,2.7955494719572758
2024-06-03,23,36.0,0.7826086943564208,14.304347826086957,0.13840434782608696,0.391304347826087,0.21739130434782608,69647.9921875,71907.8515625,67589.8359375,67753.8984375,187569500742,1894.09375,2.7955494719572758,-4.315163029285413
2024-06-10,23,30.391304347826086,0.7826087008351865,12.391304347826088,0.07169565217391304,0.21739130434782608,0.043478260869565216,66639.046875,70146.0703125,65056.89453125,69644.3125,175973271622,-3005.265625,-4.315163029285413,-5.185923539950998
2024-06-17,25,24.84,0.7716000008583069,21.68,0.09582800000000001,0.32,0.16,63180.796875,67188.3203125,63180.796875,66636.515625,163449015388,-3455.71875,-5.185923539950998,-0.7836509881230824
2024-06-24,21,7.0,0.6238095277831668,37.095238095238095,0.17594761904761902,0.38095238095238093,0.09523809523809523,62678.29296875,63292.52734375,58601.69921875,63173.3515625,171030093873,-495.05859375,-0.7836509881230824,-10.888947656207199
2024-07-01,22,17.954545454545453,0.6100000034679066,26.863636363636363,0.07654999999999999,0.22727272727272727,0.09090909090909091,55849.109375,63777.2265625,53717.375,62673.60546875,213107531443,-6824.49609375,-10.888947656207199,8.841998921349207
2024-07-08,22,17.40909090909091,0.61681818081574,10.409090909090908,0.07898181818181818,0.2727272727272727,0.2727272727272727,60787.79296875,61329.52734375,54321.01953125,55849.57421875,187407019962,4938.21875,8.841998921349207,12.067764947452131
2024-07-15,20,42.55,0.7614999994635582,27.25,-0.010069999999999992,0.25,0.25,68154.5234375,68372.90625,60704.9296875,60815.45703125,222161876179,7339.06640625,12.067764947452131,0.15097011192995172
2024-07-22,24,22.708333333333332,0.5474999987830719,16.0,0.0676375,0.3333333333333333,0.125,68255.8671875,69398.5078125,63473.47265625,68152.9765625,227265184992,102.890625,0.15097011192995172,-14.858216498063042
2024-07-29,21,64.42857142857143,0.7814285740965888,15.095238095238095,0.03759523809523809,0.23809523809523808,0.14285714285714285,58116.9765625,69987.5390625,57210.8046875,68259.0546875,251002338760,-10142.078125,-14.858216498063042,1.0483296984532915
2024-08-05,24,190.66666666666666,0.6454166689266762,42.583333333333336,-0.02993333333333334,0.16666666666666666,0.20833333333333334,58719.484375,62673.765625,49121.23828125,58110.296875,317158734647,609.1875,1.0483296984532915,-0.4009402504562716
2024-08-12,23,129.47826086956522,0.7191304363634275,31.956521739130434,-0.010173913043478257,0.13043478260869565,0.17391304347826086,58483.96484375,61687.7578125,56161.59375,58719.39453125,193731393138,-235.4296875,-0.4009402504562716,10.008141039025823
2024-08-19,20,98.8,0.746500001847744,14.6,0.082275,0.3,0.1,64333.54296875,64996.421875,57864.7109375,58480.7109375,200670274120,5852.83203125,10.008141039025823,-10.905339550900003
2024-08-26,23,163.1304347826087,0.7369565225165823,31.608695652173914,0.07884347826086957,0.2608695652173913,0.13043478260869565,57325.48828125,64489.70703125,57217.82421875,64342.2265625,208589155271,-7016.73828125,-10.905339550900003,-4.335485370923262
2024-09-02,17,40.0,0.7611764704479891,30.529411764705884,0.0009176470588235328,0.29411764705882354,0.23529411764705882,54841.56640625,59815.05859375,52598.69921875,57326.96875,207052844168,-2485.40234375,-4.335485370923262,7.895716041558791
2024-09-09,27,114.18518518518519,0.6496296315281479,18.62962962962963,-0.011892592592592595,0.14814814814814814,0.2222222222222222,59182.8359375,60656.72265625,54598.43359375,54851.88671875,201400392020,4330.94921875,7.895716041558791,7.54155155642858
2024-09-16,26,81.73076923076923,0.6846153839276388,32.61538461538461,0.15061923076923078,0.4230769230769231,0.15384615384615385,63648.7109375,64119.53125,57501.33984375,59185.2265625,223578476939,4463.484375,7.54155155642858,3.13027347204878
2024-09-23,21,57.76190476190476,0.8742857149669102,15.19047619047619,-0.08150476190476191,0.19047619047619047,0.3333333333333333,65635.3046875,66480.6953125,62628.078125,63643.1015625,185380794223,1992.203125,3.13027347204878,-4.28996400053516
2024-09-30,22,82.0,0.7000000002709302,15.772727272727273,0.1259590909090909,0.2727272727272727,0.0,62818.953125,65635.0546875,59878.8046875,65634.65625,221870167581,-2815.703125,-4.28996400053516,0.051362754615621294
2024-10-07,16,112.4375,0.6906249988824129,30.125,0.024543750000000003,0.1875,0.125,62851.375,64443.70703125,58895.20703125,62819.109375,185760615870,32.265625,0.051362754615621294,9.790710408665694
2024-10-14,21,32.904761904761905,0.5980952417566663,33.23809523809524,0.12360952380952381,0.3333333333333333,0.09523809523809523,69001.703125,69359.0078125,62442.15234375,62848.3984375,233833427420,6153.3046875,9.790710408665694,-1.5545971493579895
2024-10-21,27,73.11111111111111,0.7177777776011715,13.592592592592593,0.13495185185185185,0.25925925925925924,0.07407407407407407,67929.296875,69462.734375,65188.03515625,69002.0,210764883686,-1072.703125,-1.5545971493579895,1.2049663093439669
2024-10-28,17,165.52941176470588,0.7988235336892745,34.94117647058823,0.021129411764705886,0.17647058823529413,0.11764705882352941,68741.1171875,73577.2109375,67482.5234375,67922.671875,281658996077,818.4453125,1.2049663093439669,17.066759798536037
2024-11-04,21,31.666666666666668,0.5976190570564497,6.190476190476191,0.08218571428571428,0.14285714285714285,0.0,80474.1875,81474.421875,66803.6484375,68742.1328125,436048950363,11732.0546875,17.066759798536037,11.64940073343203
2024-11-11,23,29.956521739130434,0.7378260869046916,10.782608695652174,-0.004321739130434782,0.043478260869565216,0.08695652173913043,89845.8515625,93434.3515625,80283.25,80471.4140625,631742325166,9374.4375,11.64940073343203,9.09368142388919
2024-11-18,25,35.32,0.6419999983906746,14.64,0.07604,0.28,0.2,98013.8203125,99655.5,89393.59375,89843.71875,502412531238,8170.1015625,9.09368142388919,-0.7687746233926384
2024-11-25,17,44.529411764705884,0.6976470649242401,7.647058823529412,-0.026488235294117642,0.11764705882352941,0.23529411764705882,97279.7890625,98935.03125,90770.8125,98033.4453125,419153048682,-753.65625,-0.7687746233926384,4.0708987771506155
2024-12-02,16,14.4375,0.6318749990314245,5.9375,0.1622375,0.25,0.0,101236.015625,103900.46875,91998.78125,97276.0078125,549005393438,3960.0078125,4.0708987771506155,3.0242213048210482
2024-12-09,21,46.76190476190476,0.6890476204100109,21.476190476190474,0.20035714285714287,0.42857142857142855,0.0,104298.6953125,105047.5390625,94321.2578125,101237.0625,521429282524,3061.6328125,3.0242213048210482,-8.810360896801383
2024-12-16,25,168.28,0.8280000025033951,16.08,0.051755999999999996,0.24,0.16,95104.9375,108268.4453125,92175.1796875,104293.578125,551244500231,-9188.640625,-8.810360896801383,-1.650025359981112
2024-12-23,25,9.24,0.6912000018358231,15.72,0.16309200000000001,0.32,0.12,93530.2265625,99884.5703125,92403.1328125,95099.390625,299272588112,-1569.1640625,-1.650025359981112,5.1191160057807386
2024-12-30,27,57.407407407407405,0.7040740775841253,22.62962962962963,0.13195185185185185,0.37037037037037035,0.14814814814814814,98314.9609375,98956.9140625,91317.1328125,93527.1953125,248821817930,4787.765625,5.1191160057807386,-3.8920993230143495
2025-01-06,20,35.0,0.6669999986886979,17.0,0.061125,0.25,0.15,94488.4375,102712.484375,91220.84375,98314.953125,338967010865,-3826.515625,-3.8920993230143495,6.9857088027378875
2025-01-13,18,33.72222222222222,0.78277777797646,14.444444444444445,-0.0326,0.16666666666666666,0.2777777777777778,101089.609375,106299.796875,89260.1015625,94488.890625,437782936416,6600.71875,6.9857088027378875,1.5816093091124934
2025-01-20,18,154.11111111111111,0.7599999979138374,39.72222222222222,0.0015111111111111113,0.16666666666666666,0.1111111111111111,102682.5,109114.8828125,99471.359375,101083.75,471816874719,1598.75,1.5816093091124934,-4.861037508790749
2025-01-27,24,42.5,0.6666666635622581,12.958333333333334,0.158925,0.3333333333333333,0.041666666666666664,97688.9765625,106418.765625,96216.078125,102680.3046875,362117614322,-4991.328125,-4.861037508790749,-1.2090443224008354
2025-02-03,22,260.6363636363636,0.6349999979138374,45.5,-0.00837272727272727,0.22727272727272727,0.22727272727272727,96500.09375,102514.171875,91242.890625,97681.1015625,388753129798,-1181.0078125,-1.2090443224008354,-0.33619844540906196
2025-02-10,25,26.32,0.7079999995231628,9.08,0.048735999999999995,0.24,0.24,96175.03125,98819.46875,94101.203125,96499.4609375,230337481014,-324.4296875,-0.33619844540906196,0.09868480103790839
2025-02-17,19,0.631578947368421,0.5810526334925702,9.368421052631579,0.12975789473684213,0.3157894736842105,0.10526315789473684,96273.921875,99497.96875,93388.8359375,96179.0078125,210283176728,94.9140625,0.09868480103790839,-2.1080726629820767
2025-02-24,23,14.478260869565217,0.6091304395509802,15.521739130434783,0.0606304347826087,0.30434782608695654,0.30434782608695654,94248.3515625,96503.453125,78248.9140625,96277.9609375,424642208809,-2029.609375,-2.1080726629820767,-14.480224221260999
2025-03-03,18,37.05555555555556,0.7788888894849353,5.777777777777778,0.13898333333333335,0.3333333333333333,0.16666666666666666,80601.0390625,94429.75,80052.484375,94248.421875,351467410238,-13647.3828125,-14.480224221260999,2.4598129101768196
2025-03-10,25,13.84,0.5976000028848648,10.08,0.034032,0.2,0.16,82579.6875,85263.2890625,76624.25,80597.1484375,245099235090,1982.5390625,2.4598129101768196,4.211907713043169
2025-03-17,20,80.85,0.7215000048279763,23.75,0.08670000000000001,0.35,0.2,86054.375,87443.265625,81179.9921875,82576.3359375,154637791297,3478.0390625,4.211907713043169,-4.341078066155285
2025-03-24,22,77.95454545454545,0.6781818194484169,14.045454545454545,0.08251363636363636,0.2727272727272727,0.045454545454545456,82334.5234375,88758.7265625,81573.25,86070.9296875,181637739548,-3736.40625,-4.341078066155285,-5.005799402904408
2025-03-31,18,25.666666666666668,0.6427777798639404,14.055555555555555,0.052505555555555555,0.16666666666666666,0.05555555555555555,78214.484375,88466.953125,77097.7421875,82336.0625,237449686690,-4121.578125,-5.005799402904408,6.984846985182572
2025-04-07,21,34.904761904761905,0.6700000003689811,14.285714285714286,-0.04266666666666667,0.14285714285714285,0.23809523809523808,83684.9765625,86015.1875,74436.6796875,78221.3359375,363220466107,5463.640625,6.984846985182572,1.7680741692794826
2025-04-14,24,109.70833333333333,0.6987500041723251,26.541666666666668,-0.0315125,0.16666666666666666,0.2916666666666667,85174.3046875,86429.3515625,83100.6171875,83694.5234375,155677486406,1479.78125,1.7680741692794826,10.077667706816309
2025-04-21,23,107.73913043478261,0.7786956559056821,32.95652173913044,0.058673913043478264,0.17391304347826086,0.08695652173913043,93754.84375,95768.390625,85143.8359375,85171.5390625,247116398033,8583.3046875,10.077667706816309,0.5980161622521526
2025-04-28,23,313.0869565217391,0.7686956498933875,38.47826086956522,-0.014565217391304347,0.17391304347826086,0.21739130434782608,94315.9765625,97905.8984375,92860.8046875,93755.3046875,179785916926,560.671875,0.5980161622521526,10.376211059079075
2025-05-05,22,88.13636363636364,0.8145454566587101,19.954545454545453,0.02651363636363636,0.3181818181818182,0.2727272727272727,104106.359375,104961.765625,93399.859375,94319.5625,346007588371,9786.796875,10.376211059079075,2.2467727939961986
2025-05-12,22,161.22727272727272,0.7322727340188894,21.40909090909091,0.048631818181818186,0.18181818181818182,0.18181818181818182,106446.0078125,106597.171875,100814.40625,104106.9609375,344395798973,2339.046875,2.2467727939961986,2.44747380700498
2025-05-19,25,98.68,0.7804000014066697,26.32,0.038827999999999994,0.36,0.16,109035.390625,111970.171875,102112.6875,106430.53125,407490594865,2604.859375,2.44747380700498,-3.0926093819553704
2025-05-26,24,68.875,0.7558333305642009,20.375,0.06475,0.2916666666666667,0.16666666666666666,105652.1015625,110744.2109375,103136.1171875,109023.78125,342628955292,-3371.6796875,-3.0926093819553704,0.1361440537341228
2025-06-02,19,89.47368421052632,0.7999999978040394,36.78947368421053,0.0927,0.3157894736842105,0.2631578947368421,105793.6484375,106813.578125,100436.8828125,105649.8125,317888289963,143.8359375,0.1361440537341228,-0.22780330136077173
2025-06-09,21,20.047619047619047,0.6423809553186098,19.666666666666668,0.030557142857142866,0.19047619047619047,0.14285714285714285,105552.0234375,110561.421875,102822.0234375,105793.0234375,360592444302,-241.0,-0.22780330136077173,-4.32800665762917
2025-06-16,22,80.27272727272727,0.6768181879412044,21.136363636363637,0.04813181818181818,0.18181818181818182,0.09090909090909091,100987.140625,108915.375,98286.203125,105555.59375,345832029969,-4568.453125,-4.32800665762917,7.325753649682894
2025-06-23,24,68.95833333333333,0.7054166694482168,19.0,0.045845833333333336,0.2916666666666667,0.125,108385.5703125,108526.3046875,99705.75,100987.4765625,320503132421,7398.09375,7.325753649682894,0.7829912319398433
2025-06-30,20,46.35,0.6949999965727329,14.05,0.148695,0.45,0.1,109232.0703125,110541.4609375,105157.3984375,108383.4375,302896897483,848.6328125,0.7829912319398433,9.04541528102816
2025-07-07,22,184.86363636363637,0.6718181811950423,32.86363636363637,0.04428636363636364,0.22727272727272727,0.09090909090909091,119116.1171875,119449.5703125,107499.5546875,109235.328125,425010937713,9880.7890625,9.04541528102816,-1.5237274707953874
2025-07-14,16,53.75,0.6762499986216426,10.6875,0.05025625000000001,0.25,0.0625,117300.7890625,123091.609375,115765.6875,119115.7890625,607619761231,-1815.0,-1.5237274707953874,1.8260062384667086
2025-07-21,20,69.4,0.606500007212162,14.3,0.028325,0.2,0.2,119448.4921875,120269.96875,114759.8203125,117306.46875,496322967466,2142.0234375,1.8260062384667086,-4.386372169553208
2025-07-28,19,93.94736842105263,0.6631578983444917,39.578947368421055,0.07293157894736842,0.42105263157894735,0.2631578947368421,114217.671875,119819.7890625,111943.8046875,119457.5234375,467817557243,-5239.8515625,-4.386372169553208,4.44988742643801
2025-08-04,26,42.5,0.7776923110851874,12.653846153846153,0.027049999999999998,0.2692307692307692,0.15384615384615385,119306.7578125,119320.7109375,112701.109375,114223.921875,395725770752,5082.8359375,4.44988742643801,-1.5537670994269501
2025-08-11,25,132.88,0.7296000045537948,21.24,-0.05842,0.12,0.24,117453.0625,124457.1171875,116864.5703125,119306.8125,520847323413,-1853.75,-1.5537670994269501,-3.401740044299293
2025-08-18,23,65.47826086956522,0.8143478282119917,17.130434782608695,-0.013430434782608693,0.2608695652173913,0.30434782608695654,113458.4296875,117614.171875,111060.546875,117453.90625,482123824127,-3995.4765625,-3.401740044299293,-4.601031380102149
2025-08-25,22,2.590909090909091,0.5372727296569131,12.272727272727273,-0.029363636363636366,0.18181818181818182,0.13636363636363635,108236.7109375,113637.84375,107444.4453125,113456.8984375,453416228500,-5220.1875,-4.601031380102149,2.715421907302819
2025-09-01,23,51.56521739130435,0.6352173951656922,26.695652173913043,0.10932608695652174,0.2608695652173913,0.13043478260869565,111167.6171875,113357.4921875,107271.1796875,108228.75,369258523185,2938.8671875,2.715421907302819,3.8183928360840564
2025-09-08,20,52.0,0.7060000039637089,12.55,0.150535,0.3,0.05,115407.65625,116769.3828125,110630.609375,111163.015625,310393050143,4244.640625,3.8183928360840564,-0.08105663789414408
2025-09-15,20,65.5,0.7580000020563602,10.8,0.029110000000000004,0.25,0.1,115306.09375,117911.7890625,114461.0625,115399.6328125,292893677815,-93.5390625,-0.08105663789414408,-2.763506820654788
2025-09-22,22,118.86363636363636,0.6672727296298201,56.72727272727273,-0.033277272727272725,0.18181818181818182,0.22727272727272727,112122.640625,115431.3125,108713.3984375,115309.21875,358886641603,-3186.578125,-2.763506820654788,10.163947151602722
2025-09-29,17,54.23529411764706,0.7664705839227227,29.352941176470587,0.13865882352941178,0.29411764705882354,0.11764705882352941,123513.4765625,125559.2109375,111589.953125,112117.875,456130203494,11395.6015625,10.163947151602722,-6.753021537018185
2025-10-06,28,27.678571428571427,0.61357143042343,17.678571428571427,0.07899642857142856,0.2857142857142857,0.14285714285714285,115169.765625,126198.0703125,104582.4140625,123510.453125,645797975711,-8340.6875,-6.753021537018185,-5.639869761907427
2025-10-13,23,28.82608695652174,0.7152173940254294,11.608695652173912,0.06443478260869566,0.2608695652173913,0.17391304347826086,108666.7109375,116020.484375,103598.4296875,115161.6796875,508815465964,-6494.96875,-5.639869761907427,5.34198626212873
2025-10-20,19,93.84210526315789,0.7115789518544549,14.842105263157896,-0.04144736842105263,0.10526315789473684,0.15789473684210525,114472.4453125,115260.90625,106778.0,108667.4453125,415030266271,5805.0,5.34198626212873,-3.3544999491927516
2025-10-27,21,82.23809523809524,0.6571428506147294,30.523809523809526,0.019266666666666675,0.2857142857142857,0.2857142857142857,110639.625,116273.3125,106376.6875,114479.8515625,378401671301,-3840.2265625,-3.3544999491927516,-5.356919434880268
2025-11-03,21,49.666666666666664,0.7085714255060468,24.571428571428573,-0.06663333333333334,0.14285714285714285,0.3333333333333333,104719.640625,110764.9140625,98962.0625,110646.90625,528630842986,-5927.265625,-5.356919434880268,-10.070965709418743
2025-11-10,20,148.25,0.5809999998658896,21.95,-0.010259999999999997,0.05,0.1,94177.078125,107428.2578125,92971.1640625,104723.7734375,530543355033,-10546.6953125,-10.070965709418743,-7.831597643895324
2025-11-17,26,117.92307692307692,0.6676923070962613,13.153846153846153,0.048749999999999995,0.3076923076923077,0.19230769230769232,86805.0078125,95928.3671875,80659.8125,94180.875,601874776014,-7375.8671875,-7.831597643895324,4.142384644512276
2025-11-24,15,13.866666666666667,0.7493333369493484,1.9333333333333333,0.07504,0.3333333333333333,0.13333333333333333,90394.3125,92969.0859375,85272.1953125,86798.7734375,400123670982,3595.5390625,4.142384644512276,0.018288984275103663
2025-12-01,26,258.2692307692308,0.7373076940958316,32.30769230769231,-0.011896153846153844,0.15384615384615385,0.23076923076923078,90405.640625,94060.7734375,83862.25,90389.109375,457343640300,16.53125,0.018288984275103663,-2.4876047002910835
2025-12-08,21,53.57142857142857,0.8714285748345512,7.904761904761905,0.19626666666666667,0.42857142857142855,0.14285714285714285,88175.1796875,94601.5703125,87634.9375,90424.5859375,449188954528,-2249.40625,-2.4876047002910835,0.5111334516757107
2025-12-15,15,44.266666666666666,0.7853333294391632,37.13333333333333,-0.06943333333333333,0.13333333333333333,0.3333333333333333,88621.75,90264.5703125,84436.3125,88171.078125,264999230688,450.671875,0.5111334516757107,-0.8864253034260295
2025-12-22,24,50.208333333333336,0.5899999986092249,15.208333333333334,0.06982499999999998,0.25,0.125,87835.8359375,90501.9296875,86411.796875,88621.3984375,198587430131,-785.5625,-0.8864253034260295,1.0203076924171623
2025-12-29,23,212.7391304347826,0.6313043495883113,21.434782608695652,0.05854782608695652,0.391304347826087,0.30434782608695654,88731.984375,90299.15625,86717.9140625,87835.7890625,136677236680,896.1953125,1.0203076924171623,
